05-Feb-2024 20:44:51,117.19474458694458,3.599928,0.09065015,3.622535,0.006171653
05-Feb-2024 20:44:51,117.46912860870361,3.599962,0.09065015,3.622543,0.006172552
05-Feb-2024 20:44:51,117.7470133304596,3.599922,0.09064984,3.62256,0.006169453
05-Feb-2024 20:44:52,118.01207184791565,3.599883,0.09064769,3.622541,0.006168853
05-Feb-2024 20:44:52,118.29232883453369,3.599879,0.09064977,3.622519,0.006168753
05-Feb-2024 20:44:52,118.57206273078918,3.599902,0.09065331,3.622481,0.006173252
05-Feb-2024 20:44:53,118.84779810905457,3.599893,0.09065523,3.622504,0.006172952
05-Feb-2024 20:44:53,119.11047220230103,3.599922,0.09065346,3.622488,0.006174052
05-Feb-2024 20:44:53,119.38543343544006,3.599959,0.09065261,3.622474,0.00617925
05-Feb-2024 20:44:53,119.65678405761719,3.599938,0.09065392,3.622504,0.006182749
05-Feb-2024 20:44:54,119.93213486671448,3.599929,0.09064884,3.622519,0.006183349
05-Feb-2024 20:44:54,120.20061826705933,3.599936,0.09065,3.6225,0.006185848
05-Feb-2024 20:44:54,120.4723904132843,3.599939,0.09065292,3.622473,0.006187147
05-Feb-2024 20:44:54,120.74858045578003,3.599891,0.09065153,3.622477,0.00618135
05-Feb-2024 20:44:55,121.02121901512146,3.599895,0.09064938,3.622488,0.006180849
05-Feb-2024 20:44:55,121.29337167739868,3.599946,0.09065331,3.622511,0.00617845
05-Feb-2024 20:44:55,121.56581258773804,3.599963,0.09065061,3.622514,0.00617885
05-Feb-2024 20:44:56,121.8403000831604,3.599935,0.09065084,3.622572,0.006177251
05-Feb-2024 20:44:56,122.11046195030212,3.599888,0.09065146,3.622587,0.006175751
05-Feb-2024 20:44:56,122.38231253623962,3.59991,0.09065023,3.622591,0.006176751
05-Feb-2024 20:44:56,122.64967679977417,3.599938,0.09064869,3.622592,0.006178251
05-Feb-2024 20:44:57,122.92283916473389,3.599965,0.09065276,3.622624,0.00618135
05-Feb-2024 20:44:57,123.19719529151917,3.599945,0.09065054,3.62262,0.006186348
05-Feb-2024 20:44:57,123.4607949256897,3.599893,0.09065023,3.622631,0.006191546
05-Feb-2024 20:44:57,123.72753620147705,3.599863,0.09065161,3.622628,0.006191746
05-Feb-2024 20:44:58,123.98787021636963,3.599804,0.09065308,3.622619,0.006191346
05-Feb-2024 20:44:58,124.25844311714172,3.599798,0.09064961,3.622566,0.006187248
05-Feb-2024 20:44:58,124.54437780380249,3.599825,0.09065139,3.622532,0.006182649
05-Feb-2024 20:44:59,124.82034134864807,3.599865,0.09065454,3.622532,0.006183449
05-Feb-2024 20:44:59,125.09068369865417,3.599867,0.09065554,3.622507,0.006184748
05-Feb-2024 20:44:59,125.3522744178772,3.599901,0.09065753,3.62253,0.006183849
05-Feb-2024 20:44:59,125.61359238624573,3.599893,0.09065776,3.62254,0.006182549
05-Feb-2024 20:45:00,125.88964056968689,3.599905,0.09065907,3.622528,0.006184348
05-Feb-2024 20:45:00,126.15668296813965,3.59992,0.09065945,3.622505,0.006177951
05-Feb-2024 20:45:00,126.43156123161316,3.599918,0.09065653,3.622515,0.006174251
05-Feb-2024 20:45:00,126.70362091064453,3.599938,0.09065315,3.622519,0.006175051
05-Feb-2024 20:45:01,126.97607946395874,3.599928,0.09065469,3.622514,0.006175651
05-Feb-2024 20:45:01,127.24850654602051,3.599937,0.09065084,3.622522,0.006171253
05-Feb-2024 20:45:01,127.52287006378174,3.599907,0.09064877,3.622531,0.006171653
05-Feb-2024 20:45:02,127.78757405281067,3.599877,0.09065308,3.622533,0.006172552
05-Feb-2024 20:45:02,128.05502700805664,3.599874,0.09065592,3.622523,0.006174251
05-Feb-2024 20:45:02,128.31829738616943,3.599905,0.09065653,3.622538,0.006175451
05-Feb-2024 20:45:02,128.5924460887909,3.599906,0.09065938,3.622549,0.006176451
05-Feb-2024 20:45:03,128.8555188179016,3.5999,0.090662,3.622545,0.006177251
05-Feb-2024 20:45:03,129.11971235275269,3.599975,0.09066238,3.622531,0.006176651
05-Feb-2024 20:45:03,129.3803641796112,3.599963,0.09066207,3.622522,0.006172053
05-Feb-2024 20:45:03,129.64987969398499,3.599973,0.09065977,3.622518,0.006168353
05-Feb-2024 20:45:04,129.92103481292725,3.599975,0.09065723,3.622513,0.006172652
05-Feb-2024 20:45:04,130.1977677345276,3.599899,0.09065192,3.622491,0.00617815
05-Feb-2024 20:45:04,130.46968126296997,3.59996,0.09065084,3.622488,0.00617985
05-Feb-2024 20:45:04,130.7353491783142,3.600054,0.09064869,3.622463,0.006182349
05-Feb-2024 20:45:05,131.00456428527832,3.600094,0.09065299,3.622468,0.006183549
05-Feb-2024 20:45:05,131.28224802017212,3.600072,0.09065361,3.622482,0.00618105
05-Feb-2024 20:45:05,131.54870891571045,3.600028,0.09065477,3.622503,0.00617885
05-Feb-2024 20:45:06,131.82028818130493,3.600005,0.09065761,3.622529,0.006175951
05-Feb-2024 20:45:06,132.08843684196472,3.599983,0.09066084,3.622553,0.006175451
05-Feb-2024 20:45:06,132.36037516593933,3.599972,0.09065785,3.622537,0.00617865
05-Feb-2024 20:45:06,132.62252712249756,3.599973,0.090662,3.622512,0.00617815
05-Feb-2024 20:45:07,132.89776706695557,3.599962,0.09066269,3.622522,0.006177551
05-Feb-2024 20:45:07,133.16437697410583,3.600031,0.09066123,3.622477,0.006177551
05-Feb-2024 20:45:07,133.42809748649597,3.599985,0.09065715,3.622454,0.006176451
05-Feb-2024 20:45:07,133.69624066352844,3.599977,0.09065707,3.622447,0.006173252
05-Feb-2024 20:45:08,133.95296692848206,3.599989,0.09065399,3.622429,0.006174352
05-Feb-2024 20:45:08,134.2245593070984,3.599963,0.0906563,3.622408,0.006173252
05-Feb-2024 20:45:08,134.4955279827118,3.599917,0.09065392,3.622401,0.006173752
05-Feb-2024 20:45:08,134.76087021827698,3.599936,0.09065299,3.6224,0.006171852
05-Feb-2024 20:45:09,135.02526950836182,3.599926,0.09065569,3.622428,0.006170753
05-Feb-2024 20:45:09,135.2942671775818,3.59997,0.09065753,3.622465,0.006172452
05-Feb-2024 20:45:09,135.56538772583008,3.599997,0.09065515,3.622473,0.006170253
05-Feb-2024 20:45:10,135.84081554412842,3.599992,0.09065661,3.622521,0.006171852
05-Feb-2024 20:45:10,136.09721755981445,3.599995,0.09065799,3.622519,0.006174052
05-Feb-2024 20:45:10,136.3654499053955,3.599982,0.09065492,3.622522,0.006176951
05-Feb-2024 20:45:10,136.62685751914978,3.599959,0.09065377,3.6225,0.006174752
05-Feb-2024 20:45:11,136.89477944374084,3.599948,0.09065323,3.622494,0.006177551
05-Feb-2024 20:45:11,137.16660857200623,3.599955,0.09065338,3.622478,0.006173252
05-Feb-2024 20:45:11,137.43516039848328,3.599978,0.09065738,3.622482,0.006175951
05-Feb-2024 20:45:11,137.70540189743042,3.599956,0.09066046,3.622469,0.006175051
05-Feb-2024 20:45:12,137.97942757606506,3.599951,0.09065992,3.622423,0.006175651
05-Feb-2024 20:45:12,138.2520980834961,3.599968,0.09066322,3.622401,0.006171452
05-Feb-2024 20:45:12,138.52663731575012,3.599982,0.09066192,3.622397,0.006173552
05-Feb-2024 20:45:13,138.8008165359497,3.600009,0.09065876,3.622399,0.006173252
05-Feb-2024 20:45:13,139.09300065040588,3.599993,0.09065977,3.622388,0.006172053
05-Feb-2024 20:45:13,139.38781070709229,3.599972,0.0906623,3.622465,0.006170953
05-Feb-2024 20:45:13,139.67231345176697,3.599942,0.09066353,3.6225,0.006172852
05-Feb-2024 20:45:14,139.95560717582703,3.599942,0.090665,3.622521,0.006173552
05-Feb-2024 20:45:14,140.24494171142578,3.599895,0.09066646,3.622556,0.006170553
05-Feb-2024 20:45:14,140.54696559906006,3.599938,0.09066376,3.622576,0.006170853
05-Feb-2024 20:45:15,140.83286309242249,3.599956,0.090661,3.62257,0.006171952
05-Feb-2024 20:45:15,141.11925053596497,3.599987,0.09065808,3.6226,0.006172452
05-Feb-2024 20:45:15,141.40315866470337,3.600016,0.09065723,3.62263,0.006174152
05-Feb-2024 20:45:15,141.69660019874573,3.599959,0.09065569,3.62263,0.006175251
05-Feb-2024 20:45:16,141.97342944145203,3.599919,0.09065707,3.622617,0.00617995
05-Feb-2024 20:45:16,142.2372989654541,3.599911,0.09065792,3.622617,0.006181249
05-Feb-2024 20:45:16,142.5387101173401,3.599904,0.09065969,3.622563,0.006183749
05-Feb-2024 20:45:17,142.81950664520264,3.599951,0.09065961,3.62257,0.00618105
05-Feb-2024 20:45:17,143.10781931877136,3.599941,0.09066146,3.622607,0.00618135
05-Feb-2024 20:45:17,143.40830898284912,3.599913,0.09066161,3.62261,0.006176351
05-Feb-2024 20:45:17,143.68616366386414,3.599924,0.09066207,3.622607,0.00617865
05-Feb-2024 20:45:18,143.95457768440247,3.599884,0.09066123,3.6226,0.006176151
05-Feb-2024 20:45:18,144.24742150306702,3.599865,0.09065869,3.622573,0.006181149
05-Feb-2024 20:45:18,144.54454803466797,3.599862,0.09065454,3.622557,0.006183049
05-Feb-2024 20:45:19,144.82862615585327,3.599902,0.09065392,3.62254,0.006184248
05-Feb-2024 20:45:19,145.13454508781433,3.599922,0.09065115,3.622523,0.006177151
05-Feb-2024 20:45:19,145.4332447052002,3.599927,0.09065054,3.622494,0.006175751
05-Feb-2024 20:45:19,145.7185456752777,3.599962,0.09065007,3.622488,0.006174551
05-Feb-2024 20:45:20,145.99616885185242,3.599949,0.09065061,3.622443,0.006174352
05-Feb-2024 20:45:20,146.2887670993805,3.59991,0.0906513,3.622439,0.006171653
05-Feb-2024 20:45:20,146.54925966262817,3.599895,0.09064977,3.622458,0.006171952
05-Feb-2024 20:45:21,146.84836268424988,3.599893,0.09064954,3.622486,0.006172452
05-Feb-2024 20:45:21,147.13249707221985,3.599902,0.0906523,3.622484,0.006171552
05-Feb-2024 20:45:21,147.4268937110901,3.599911,0.0906523,3.622538,0.006165755
05-Feb-2024 20:45:21,147.6972062587738,3.599913,0.09065454,3.622547,0.006168653
05-Feb-2024 20:45:22,147.98867750167847,3.599973,0.09065692,3.622535,0.006170853
05-Feb-2024 20:45:22,148.27564239501953,3.599972,0.09065884,3.622524,0.006171253
05-Feb-2024 20:45:22,148.58457398414612,3.599993,0.09065922,3.62252,0.006169053
05-Feb-2024 20:45:23,148.87833786010742,3.599976,0.09065846,3.622525,0.006173952
05-Feb-2024 20:45:23,149.18201184272766,3.599995,0.09065769,3.622537,0.006173652
05-Feb-2024 20:45:23,149.47612071037292,3.599953,0.09065853,3.622559,0.006174152
05-Feb-2024 20:45:23,149.7686128616333,3.599997,0.09065638,3.622583,0.006176851
05-Feb-2024 20:45:24,150.062358379364,3.59993,0.0906513,3.622594,0.006173952
05-Feb-2024 20:45:24,150.3372781276703,3.599975,0.090649,3.622568,0.006172252
05-Feb-2024 20:45:24,150.6276514530182,3.599947,0.09064961,3.622538,0.006173052
05-Feb-2024 20:45:25,150.90731239318848,3.599965,0.09064823,3.622519,0.006174551
05-Feb-2024 20:45:25,151.20086789131165,3.599982,0.09064776,3.622497,0.006175152
05-Feb-2024 20:45:25,151.48319268226624,3.600001,0.09065077,3.622513,0.006177951
05-Feb-2024 20:45:25,151.77729320526123,3.600036,0.09065077,3.622521,0.00617975
05-Feb-2024 20:45:26,152.0607328414917,3.599967,0.09065331,3.622555,0.006176551
05-Feb-2024 20:45:26,152.36235165596008,3.599905,0.09064938,3.622565,0.00617775
05-Feb-2024 20:45:26,152.63815569877625,3.599914,0.0906513,3.622584,0.006178251
05-Feb-2024 20:45:27,152.9182333946228,3.599959,0.09065299,3.622564,0.00617985
05-Feb-2024 20:45:27,153.19998049736023,3.600003,0.09064931,3.622566,0.00617855
05-Feb-2024 20:45:27,153.49046158790588,3.600023,0.09065139,3.622558,0.00618065
05-Feb-2024 20:45:27,153.78471994400024,3.600046,0.09065384,3.622554,0.006176851
05-Feb-2024 20:45:28,154.08180689811707,3.60001,0.09064984,3.622541,0.006175051
05-Feb-2024 20:45:28,154.37511610984802,3.599976,0.09065031,3.622563,0.006175152
05-Feb-2024 20:45:28,154.66935896873474,3.599975,0.09065361,3.622579,0.00617895
05-Feb-2024 20:45:29,154.95625591278076,3.599979,0.09065253,3.622573,0.00617905
05-Feb-2024 20:45:29,155.24791884422302,3.599971,0.09065184,3.622588,0.00618035
05-Feb-2024 20:45:29,155.50734400749207,3.599966,0.09065646,3.622597,0.00617845
05-Feb-2024 20:45:30,155.79949569702148,3.599998,0.09065492,3.622598,0.006177151
05-Feb-2024 20:45:30,156.09279870986938,3.599993,0.09065238,3.62258,0.006175251
05-Feb-2024 20:45:30,156.3880500793457,3.600016,0.09065415,3.622607,0.006176251
05-Feb-2024 20:45:30,156.6702630519867,3.60004,0.09065523,3.622593,0.006174452
05-Feb-2024 20:45:31,156.96331143379211,3.600049,0.09065161,3.622582,0.006174752
05-Feb-2024 20:45:31,157.24857592582703,3.600002,0.09065107,3.622568,0.006172952
05-Feb-2024 20:45:31,157.53809547424316,3.600028,0.09065369,3.622552,0.006171253
05-Feb-2024 20:45:32,157.83518743515015,3.600068,0.09065684,3.622505,0.006171353
05-Feb-2024 20:45:32,158.13251066207886,3.600061,0.09065799,3.622455,0.006172952
05-Feb-2024 20:45:32,158.39720940589905,3.600025,0.0906553,3.622411,0.006172752
05-Feb-2024 20:45:32,158.68773698806763,3.600024,0.09065746,3.62237,0.006174852
05-Feb-2024 20:45:33,158.96897292137146,3.600023,0.0906563,3.62235,0.006175152
05-Feb-2024 20:45:33,159.25013208389282,3.599991,0.09065454,3.622342,0.006173152
05-Feb-2024 20:45:33,159.54321813583374,3.599971,0.09065684,3.622383,0.006173752
05-Feb-2024 20:45:34,159.83567214012146,3.599996,0.09066153,3.622411,0.006177451
05-Feb-2024 20:45:34,160.13020133972168,3.599966,0.09065692,3.62243,0.00617985
05-Feb-2024 20:45:34,160.43633127212524,3.599976,0.09066023,3.622461,0.006181549
05-Feb-2024 20:45:34,160.73797035217285,3.599942,0.09066053,3.622473,0.006182249
05-Feb-2024 20:45:35,161.04052829742432,3.599933,0.09066046,3.622506,0.006185748
05-Feb-2024 20:45:35,161.3463785648346,3.599928,0.09065785,3.622515,0.006186948
05-Feb-2024 20:45:35,161.61690044403076,3.599985,0.09065676,3.622514,0.006186048
05-Feb-2024 20:45:36,161.9204385280609,3.600026,0.09065484,3.62251,0.006186148
05-Feb-2024 20:45:36,162.19946455955505,3.600076,0.0906523,3.622509,0.006189147
05-Feb-2024 20:45:36,162.4877314567566,3.600061,0.09065092,3.622507,0.006189447
05-Feb-2024 20:45:37,162.78824162483215,3.600046,0.09064969,3.622527,0.006188547
05-Feb-2024 20:45:37,163.0863299369812,3.600053,0.09065384,3.622535,0.006189147
05-Feb-2024 20:45:37,163.36800336837769,3.600044,0.0906523,3.622547,0.006185848
05-Feb-2024 20:45:37,163.63668751716614,3.600071,0.09065584,3.622557,0.006182849
05-Feb-2024 20:45:38,163.91639232635498,3.60003,0.0906523,3.622543,0.006176851
05-Feb-2024 20:45:38,164.19277119636536,3.600032,0.09065292,3.622554,0.006171552
05-Feb-2024 20:45:38,164.48700833320618,3.600017,0.09065454,3.622582,0.006173352
05-Feb-2024 20:45:38,164.7510142326355,3.600011,0.09065769,3.622583,0.006175951
05-Feb-2024 20:45:39,165.0479280948639,3.59998,0.09065676,3.622589,0.00617905
05-Feb-2024 20:45:39,165.33770513534546,3.600012,0.09066084,3.622602,0.006182249
05-Feb-2024 20:45:39,165.61299419403076,3.599978,0.09066061,3.622594,0.006187648
05-Feb-2024 20:45:40,165.90361547470093,3.599974,0.09065853,3.622582,0.006188547
05-Feb-2024 20:45:40,166.1997890472412,3.59998,0.09065646,3.622577,0.006184149
05-Feb-2024 20:45:40,166.48859667778015,3.599958,0.0906563,3.622561,0.006181749
05-Feb-2024 20:45:41,166.79231238365173,3.599956,0.09065761,3.622565,0.00617805
05-Feb-2024 20:45:41,167.06451630592346,3.59991,0.09065915,3.622547,0.006174452
05-Feb-2024 20:45:41,167.3711953163147,3.599946,0.090661,3.62254,0.006166154
05-Feb-2024 20:45:41,167.6338610649109,3.599967,0.09066023,3.62253,0.006170253
05-Feb-2024 20:45:42,167.91557455062866,3.599997,0.09065899,3.622501,0.006167754
05-Feb-2024 20:45:42,168.19080805778503,3.599987,0.09065808,3.622488,0.006169753
05-Feb-2024 20:45:42,168.48477625846863,3.600018,0.09065422,3.622469,0.006169653
05-Feb-2024 20:45:43,168.78880405426025,3.600002,0.09065377,3.622489,0.006173252
05-Feb-2024 20:45:43,169.06129598617554,3.59995,0.09065331,3.62249,0.006170853
05-Feb-2024 20:45:43,169.34170818328857,3.599985,0.09065415,3.622543,0.006172552
05-Feb-2024 20:45:43,169.6099398136139,3.599915,0.09065454,3.622533,0.006169553
05-Feb-2024 20:45:44,169.88118052482605,3.599929,0.09065592,3.622562,0.006168753
05-Feb-2024 20:45:44,170.18476939201355,3.599892,0.09065276,3.622554,0.006167654
05-Feb-2024 20:45:44,170.4554889202118,3.599927,0.09065215,3.622563,0.006169453
05-Feb-2024 20:45:44,170.7194128036499,3.599935,0.09065123,3.622574,0.006175951
05-Feb-2024 20:45:45,171.01117730140686,3.599929,0.09065107,3.622613,0.006183849
05-Feb-2024 20:45:45,171.3108410835266,3.599942,0.09065299,3.622608,0.006187248
05-Feb-2024 20:45:45,171.60214805603027,3.599965,0.09065561,3.622607,0.006191046
05-Feb-2024 20:45:46,171.89761638641357,3.599935,0.090655,3.622616,0.006191846
05-Feb-2024 20:45:46,172.1920850276947,3.599946,0.09065785,3.6226,0.006185948
05-Feb-2024 20:45:46,172.48699021339417,3.599976,0.09065684,3.622613,0.00618095
05-Feb-2024 20:45:46,172.77614164352417,3.599944,0.09066,3.622622,0.00617775
05-Feb-2024 20:45:47,173.04917693138123,3.599949,0.09065915,3.622622,0.006176851
05-Feb-2024 20:45:47,173.35344910621643,3.599914,0.09066053,3.622619,0.006173052
05-Feb-2024 20:45:47,173.64297556877136,3.599925,0.09065899,3.622639,0.006173652
05-Feb-2024 20:45:48,173.91542673110962,3.599944,0.0906603,3.622649,0.006174352
05-Feb-2024 20:45:48,174.204421043396,3.599918,0.09065876,3.622655,0.006175152
05-Feb-2024 20:45:48,174.50499033927917,3.599948,0.09066322,3.62268,0.006177051
05-Feb-2024 20:45:48,174.77079033851624,3.59993,0.090661,3.62271,0.006181749
05-Feb-2024 20:45:49,175.04885625839233,3.599926,0.09066,3.622702,0.00618005
05-Feb-2024 20:45:49,175.33571362495422,3.599925,0.09065646,3.622686,0.006182249
05-Feb-2024 20:45:49,175.6157705783844,3.599903,0.09065123,3.622688,0.006183049
05-Feb-2024 20:45:50,175.87897396087646,3.599872,0.09065084,3.622669,0.00617845
05-Feb-2024 20:45:50,176.17278385162354,3.599905,0.09065031,3.622649,0.006173952
05-Feb-2024 20:45:50,176.46691870689392,3.599856,0.09065384,3.622623,0.006175351
05-Feb-2024 20:45:50,176.7418713569641,3.599922,0.090657,3.62261,0.006172252
05-Feb-2024 20:45:51,177.03836870193481,3.599916,0.09065838,3.622599,0.006171053
05-Feb-2024 20:45:51,177.31276726722717,3.599908,0.09066015,3.622596,0.006170153
05-Feb-2024 20:45:51,177.59670615196228,3.599877,0.09065438,3.622566,0.006173852
05-Feb-2024 20:45:52,177.86066603660583,3.599852,0.09065285,3.62256,0.006174052
05-Feb-2024 20:45:52,178.1489975452423,3.599871,0.090651,3.622538,0.006175251
05-Feb-2024 20:45:52,178.45543789863586,3.599892,0.09065207,3.622515,0.006176251
05-Feb-2024 20:45:52,178.73807311058044,3.59994,0.09065308,3.622484,0.006177251
05-Feb-2024 20:45:53,179.03413605690002,3.599928,0.09065422,3.622484,0.006175651
05-Feb-2024 20:45:53,179.32200407981873,3.599866,0.09065446,3.622465,0.006175451
05-Feb-2024 20:45:53,179.6173598766327,3.599863,0.09065577,3.622468,0.006173652
05-Feb-2024 20:45:54,179.8939688205719,3.599882,0.09065007,3.622461,0.006171952
05-Feb-2024 20:45:54,180.15619826316833,3.599891,0.09065107,3.622474,0.006170553
05-Feb-2024 20:45:54,180.45004630088806,3.599899,0.09065184,3.622464,0.006168254
05-Feb-2024 20:45:54,180.72947764396667,3.599865,0.09065484,3.622509,0.006164255
05-Feb-2024 20:45:55,181.01186180114746,3.599919,0.09065361,3.622521,0.006163555
05-Feb-2024 20:45:55,181.31072664260864,3.599916,0.09065838,3.622573,0.006162056
05-Feb-2024 20:45:55,181.60545372962952,3.599919,0.090662,3.622605,0.006163855
05-Feb-2024 20:45:56,181.90799474716187,3.599949,0.09066253,3.622633,0.006163355
05-Feb-2024 20:45:56,182.20004558563232,3.599959,0.09065569,3.622659,0.006165854
05-Feb-2024 20:45:56,182.49986720085144,3.5999,0.09064669,3.622626,0.006163355
05-Feb-2024 20:45:57,182.79498887062073,3.599932,0.09064538,3.622623,0.006165854
05-Feb-2024 20:45:57,183.10373163223267,3.599911,0.09065107,3.622615,0.006165854
05-Feb-2024 20:45:57,183.35844922065735,3.599873,0.09065577,3.622619,0.006167254
05-Feb-2024 20:45:57,183.63061690330505,3.599873,0.09065977,3.622603,0.006162656
05-Feb-2024 20:45:58,183.89811515808105,3.599915,0.09065892,3.622611,0.006164055
05-Feb-2024 20:45:58,184.16978907585144,3.599977,0.09065846,3.622598,0.006163055
05-Feb-2024 20:45:58,184.43461179733276,3.600013,0.09065945,3.622607,0.006162955
05-Feb-2024 20:45:58,184.7051661014557,3.600021,0.09065808,3.622599,0.006163855
05-Feb-2024 20:45:59,184.9772343635559,3.600043,0.09065907,3.622581,0.006170153
05-Feb-2024 20:45:59,185.24766540527344,3.600003,0.09065884,3.622594,0.006171253
05-Feb-2024 20:45:59,185.50893378257751,3.599977,0.090661,3.622602,0.006171552
05-Feb-2024 20:45:59,185.7680892944336,3.59995,0.09065892,3.622583,0.006170653
05-Feb-2024 20:46:00,186.04245328903198,3.599934,0.09066315,3.622588,0.006172652
05-Feb-2024 20:46:00,186.3218104839325,3.599927,0.09066107,3.622574,0.006171752
05-Feb-2024 20:46:00,186.59954857826233,3.59987,0.09066107,3.622581,0.006175251
05-Feb-2024 20:46:01,186.87035655975342,3.599914,0.09065838,3.622613,0.006175851
05-Feb-2024 20:46:01,187.13131737709045,3.599899,0.09066176,3.62263,0.006176251
05-Feb-2024 20:46:01,187.39380073547363,3.599908,0.09066115,3.622647,0.006171852
05-Feb-2024 20:46:01,187.66552352905273,3.599894,0.09066068,3.622691,0.006169553
05-Feb-2024 20:46:02,187.9474778175354,3.59988,0.090662,3.62268,0.006162356
05-Feb-2024 20:46:02,188.22480940818787,3.599876,0.09066384,3.622619,0.006162455
05-Feb-2024 20:46:02,188.49203753471375,3.599902,0.09066484,3.622613,0.006163055
05-Feb-2024 20:46:02,188.76800060272217,3.599869,0.09065992,3.622593,0.006166854
05-Feb-2024 20:46:03,189.0459725856781,3.599854,0.09065931,3.622568,0.006166554
05-Feb-2024 20:46:03,189.32430171966553,3.599857,0.09065577,3.622554,0.006169653
05-Feb-2024 20:46:03,189.59911918640137,3.599839,0.09065169,3.622587,0.006166054
05-Feb-2024 20:46:04,189.87652158737183,3.599844,0.0906523,3.6226,0.006166354
05-Feb-2024 20:46:04,190.15015745162964,3.59987,0.0906523,3.622613,0.006164655
05-Feb-2024 20:46:04,190.4264853000641,3.599879,0.0906573,3.622608,0.006167554
05-Feb-2024 20:46:04,190.69806218147278,3.599891,0.09065977,3.622598,0.006166954
05-Feb-2024 20:46:05,190.96498227119446,3.599877,0.09065931,3.622562,0.006169753
05-Feb-2024 20:46:05,191.22751593589783,3.599908,0.09066046,3.622525,0.006165854
05-Feb-2024 20:46:05,191.50190234184265,3.599978,0.09066084,3.622522,0.006164155
05-Feb-2024 20:46:05,191.77418780326843,3.600014,0.09066084,3.622517,0.006157957
05-Feb-2024 20:46:06,192.05050921440125,3.599996,0.09066253,3.622535,0.006156557
05-Feb-2024 20:46:06,192.31620383262634,3.599968,0.09065992,3.622531,0.006158257
05-Feb-2024 20:46:06,192.5815122127533,3.599932,0.09066038,3.622556,0.006166154
05-Feb-2024 20:46:07,192.8612768650055,3.599937,0.09066376,3.622572,0.006170753
05-Feb-2024 20:46:07,193.1260302066803,3.599976,0.09066038,3.62257,0.006176151
05-Feb-2024 20:46:07,193.39683651924133,3.599997,0.09065954,3.622595,0.006181649
05-Feb-2024 20:46:07,193.66625308990479,3.599969,0.09065915,3.622615,0.00617865
05-Feb-2024 20:46:08,193.93306517601013,3.599985,0.09066115,3.622582,0.006174551
05-Feb-2024 20:46:08,194.20709204673767,3.599936,0.09065899,3.622532,0.006174951
05-Feb-2024 20:46:08,194.4843032360077,3.599955,0.09065969,3.622553,0.006175651
05-Feb-2024 20:46:08,194.7462010383606,3.599936,0.0906603,3.622528,0.006174852
05-Feb-2024 20:46:09,195.02774834632874,3.599939,0.09066023,3.622551,0.006177151
05-Feb-2024 20:46:09,195.30376482009888,3.59991,0.09065977,3.62258,0.00617835
05-Feb-2024 20:46:09,195.57798409461975,3.599953,0.09066,3.622566,0.006173752
05-Feb-2024 20:46:10,195.85051727294922,3.599988,0.09066,3.622536,0.006172952
05-Feb-2024 20:46:10,196.12510228157043,3.600009,0.09066038,3.622521,0.006171552
05-Feb-2024 20:46:10,196.39657354354858,3.600004,0.09066353,3.622472,0.006167954
05-Feb-2024 20:46:10,196.65658259391785,3.6,0.09066115,3.622425,0.006164655
05-Feb-2024 20:46:11,196.93207240104675,3.600017,0.09066053,3.622459,0.006167554
05-Feb-2024 20:46:11,197.20853328704834,3.600004,0.09065808,3.622466,0.006164055
05-Feb-2024 20:46:11,197.4749083518982,3.60002,0.09065723,3.622486,0.006168053
05-Feb-2024 20:46:11,197.75112628936768,3.599998,0.09065408,3.622518,0.006173252
05-Feb-2024 20:46:12,198.02012610435486,3.599992,0.09065484,3.622555,0.006175551
05-Feb-2024 20:46:12,198.30156350135803,3.599986,0.09065431,3.622546,0.006172352
05-Feb-2024 20:46:12,198.5783987045288,3.599984,0.09065653,3.622537,0.006174551
05-Feb-2024 20:46:13,198.84490180015564,3.600029,0.09065692,3.622519,0.006170253
05-Feb-2024 20:46:13,199.11388325691223,3.600015,0.09065922,3.622503,0.006170453
05-Feb-2024 20:46:13,199.39619302749634,3.600019,0.09066046,3.622492,0.006165854
05-Feb-2024 20:46:13,199.65633249282837,3.599954,0.09065869,3.622483,0.006163955
05-Feb-2024 20:46:14,199.93286180496216,3.599909,0.09065938,3.622473,0.006161556
05-Feb-2024 20:46:14,200.2112820148468,3.599931,0.09065753,3.622458,0.006161956
05-Feb-2024 20:46:14,200.4874837398529,3.599982,0.09065454,3.62245,0.006160856
05-Feb-2024 20:46:14,200.76746892929077,3.599976,0.09065223,3.622447,0.006164955
05-Feb-2024 20:46:15,201.037428855896,3.599941,0.09065077,3.622443,0.006169953
05-Feb-2024 20:46:15,201.3115828037262,3.599924,0.09065276,3.622457,0.006172852
05-Feb-2024 20:46:15,201.5869698524475,3.599894,0.090652,3.622483,0.006172852
05-Feb-2024 20:46:16,201.86662530899048,3.599909,0.09065746,3.62249,0.006171053
05-Feb-2024 20:46:16,202.1399049758911,3.599869,0.09065538,3.622493,0.006168154
05-Feb-2024 20:46:16,202.4064164161682,3.599889,0.09065446,3.622506,0.006165954
05-Feb-2024 20:46:16,202.67946910858154,3.599868,0.09065422,3.622543,0.006165854
05-Feb-2024 20:46:17,202.9501187801361,3.599873,0.09065584,3.622539,0.006166554
05-Feb-2024 20:46:17,203.22977924346924,3.599896,0.09065815,3.622554,0.006163055
05-Feb-2024 20:46:17,203.505615234375,3.599849,0.09065799,3.622565,0.006164355
05-Feb-2024 20:46:17,203.78245854377747,3.599836,0.0906603,3.622592,0.006163955
05-Feb-2024 20:46:18,204.06010913848877,3.599875,0.09066153,3.622566,0.006164755
05-Feb-2024 20:46:18,204.32690978050232,3.599892,0.09065615,3.622575,0.006161356
05-Feb-2024 20:46:18,204.5928177833557,3.599901,0.09065922,3.622571,0.006172652
05-Feb-2024 20:46:19,204.8672685623169,3.599867,0.09065676,3.622588,0.006172152
05-Feb-2024 20:46:19,205.13984441757202,3.599827,0.09065323,3.622591,0.006176951
05-Feb-2024 20:46:19,205.40657472610474,3.599809,0.09065384,3.622607,0.006174651
05-Feb-2024 20:46:19,205.67447185516357,3.599834,0.09065331,3.622588,0.006175251
05-Feb-2024 20:46:20,205.9455907344818,3.599877,0.09065223,3.622616,0.006170753
05-Feb-2024 20:46:20,206.2203187942505,3.599873,0.09065184,3.622633,0.006168353
05-Feb-2024 20:46:20,206.49574446678162,3.599921,0.0906523,3.62263,0.006167254
05-Feb-2024 20:46:20,206.77223992347717,3.599957,0.09065177,3.622654,0.006169853
05-Feb-2024 20:46:21,207.0382034778595,3.599955,0.090651,3.622701,0.006169053
05-Feb-2024 20:46:21,207.30895161628723,3.599965,0.09064861,3.622682,0.006163955
05-Feb-2024 20:46:21,207.597975730896,3.599923,0.09065177,3.622653,0.006166854
05-Feb-2024 20:46:22,207.87172317504883,3.599946,0.09065084,3.622638,0.006165854
05-Feb-2024 20:46:22,208.13562440872192,3.599942,0.09065123,3.622606,0.006166154
05-Feb-2024 20:46:22,208.40866446495056,3.599983,0.09065523,3.622586,0.006167954
05-Feb-2024 20:46:22,208.67687511444092,3.599957,0.09065922,3.622593,0.006167254
05-Feb-2024 20:46:23,208.95149540901184,3.59995,0.09065945,3.622586,0.006163555
05-Feb-2024 20:46:23,209.22497391700745,3.599938,0.09066053,3.622566,0.006158656
05-Feb-2024 20:46:23,209.4984245300293,3.599932,0.09066315,3.622557,0.006156357
05-Feb-2024 20:46:23,209.75305104255676,3.599945,0.09066292,3.62252,0.006158257
05-Feb-2024 20:46:24,210.02923560142517,3.599972,0.09066046,3.622505,0.006161756
05-Feb-2024 20:46:24,210.31081461906433,3.59997,0.09065746,3.622508,0.006167854
05-Feb-2024 20:46:24,210.57656359672546,3.599964,0.09066084,3.622524,0.006173052
05-Feb-2024 20:46:25,210.84746432304382,3.599951,0.09065884,3.622553,0.00617775
05-Feb-2024 20:46:25,211.10432839393616,3.599946,0.09065838,3.622593,0.006177151
05-Feb-2024 20:46:25,211.36748099327087,3.599921,0.09065938,3.622634,0.006176151
05-Feb-2024 20:46:25,211.64495635032654,3.599926,0.09065876,3.622657,0.006171552
05-Feb-2024 20:46:26,211.9214096069336,3.599907,0.09065523,3.622679,0.006171053
05-Feb-2024 20:46:26,212.20256328582764,3.599899,0.09065354,3.622669,0.006167954
05-Feb-2024 20:46:26,212.46973371505737,3.599865,0.0906523,3.622684,0.006167154
05-Feb-2024 20:46:26,212.73709654808044,3.599868,0.09064984,3.622631,0.006166054
05-Feb-2024 20:46:27,213.01383328437805,3.599836,0.09065223,3.62261,0.006168453
05-Feb-2024 20:46:27,213.2893772125244,3.599864,0.09065046,3.622624,0.006167754
05-Feb-2024 20:46:27,213.56563138961792,3.59984,0.09065054,3.62263,0.006162755
05-Feb-2024 20:46:28,213.83258414268494,3.599828,0.09065177,3.622628,0.006161656
05-Feb-2024 20:46:28,214.11221575737,3.599831,0.09065384,3.622637,0.006160456
05-Feb-2024 20:46:28,214.3830120563507,3.599825,0.09065785,3.622664,0.006160056
05-Feb-2024 20:46:28,214.65534925460815,3.599821,0.09065838,3.622646,0.006157157
05-Feb-2024 20:46:29,214.9262056350708,3.599896,0.09065615,3.622649,0.006160956
05-Feb-2024 20:46:29,215.1949565410614,3.599945,0.09065761,3.622642,0.006161956
05-Feb-2024 20:46:29,215.46397614479065,3.599954,0.09065715,3.622648,0.006164555
05-Feb-2024 20:46:29,215.73506927490234,3.599957,0.09065538,3.622631,0.006163755
05-Feb-2024 20:46:30,216.00928926467896,3.599972,0.09065422,3.622648,0.006166754
05-Feb-2024 20:46:30,216.2783181667328,3.599981,0.09065769,3.622663,0.006165654
05-Feb-2024 20:46:30,216.5509376525879,3.599979,0.09065761,3.622644,0.006165654
05-Feb-2024 20:46:31,216.82809972763062,3.599967,0.09065723,3.622653,0.006167154
05-Feb-2024 20:46:31,217.09414672851562,3.599933,0.09065907,3.622675,0.006169453
05-Feb-2024 20:46:31,217.36817002296448,3.599921,0.09065969,3.622659,0.006167654
05-Feb-2024 20:46:31,217.6446509361267,3.599912,0.09065961,3.622646,0.006171053
05-Feb-2024 20:46:32,217.91744709014893,3.599898,0.0906603,3.622675,0.006174352
05-Feb-2024 20:46:32,218.18699765205383,3.599881,0.09066046,3.622666,0.006171353
05-Feb-2024 20:46:32,218.46078491210938,3.599898,0.09066107,3.62266,0.006172652
05-Feb-2024 20:46:32,218.72230458259583,3.599901,0.09066253,3.622628,0.006171552
05-Feb-2024 20:46:33,218.98991513252258,3.599928,0.09065899,3.622597,0.006171653
05-Feb-2024 20:46:33,219.25720477104187,3.59996,0.09065676,3.622558,0.006166254
05-Feb-2024 20:46:33,219.52197861671448,3.599981,0.09065384,3.622532,0.006164755
05-Feb-2024 20:46:34,219.7918472290039,3.599971,0.0906523,3.622506,0.006160756
05-Feb-2024 20:46:34,220.0598874092102,3.599965,0.090651,3.622513,0.006163755
05-Feb-2024 20:46:34,220.32015681266785,3.59991,0.09065146,3.62252,0.006163955
05-Feb-2024 20:46:34,220.59664154052734,3.599867,0.09065207,3.622511,0.006168154
05-Feb-2024 20:46:35,220.87074899673462,3.599864,0.09065538,3.622512,0.006169853
05-Feb-2024 20:46:35,221.13966369628906,3.599868,0.09065592,3.622478,0.006172552
05-Feb-2024 20:46:35,221.42538952827454,3.599886,0.09065915,3.6225,0.006175751
05-Feb-2024 20:46:35,221.6948676109314,3.599938,0.09066215,3.622517,0.00618045
05-Feb-2024 20:46:36,221.95744848251343,3.599943,0.09066369,3.62253,0.006177951
05-Feb-2024 20:46:36,222.2274031639099,3.600001,0.09066346,3.622522,0.00617955
05-Feb-2024 20:46:36,222.50102162361145,3.599975,0.09066338,3.622503,0.006177451
05-Feb-2024 20:46:36,222.77590990066528,3.599981,0.09066077,3.622471,0.006172053
05-Feb-2024 20:46:37,223.04767632484436,3.599975,0.090662,3.622429,0.006161156
05-Feb-2024 20:46:37,223.3117070198059,3.599981,0.0906633,3.62243,0.006160356
05-Feb-2024 20:46:37,223.5905213356018,3.599988,0.09066223,3.622429,0.006157057
05-Feb-2024 20:46:38,223.8676347732544,3.599988,0.0906643,3.62249,0.006155957
05-Feb-2024 20:46:38,224.18358778953552,3.600014,0.09066468,3.622465,0.006156857
05-Feb-2024 20:46:38,224.48791599273682,3.599989,0.09066577,3.62247,0.006156357
05-Feb-2024 20:46:38,224.75282669067383,3.600064,0.09066707,3.622443,0.006159157
05-Feb-2024 20:46:39,225.04598093032837,3.600039,0.0906633,3.622469,0.006159157
05-Feb-2024 20:46:39,225.31996774673462,3.600002,0.09066292,3.622425,0.006158956
05-Feb-2024 20:46:39,225.6205313205719,3.59999,0.09066407,3.622447,0.006159557
05-Feb-2024 20:46:40,225.8939995765686,3.599985,0.09066369,3.622452,0.006158857
05-Feb-2024 20:46:40,226.16818642616272,3.599983,0.09066445,3.622457,0.006159157
05-Feb-2024 20:46:40,226.45663976669312,3.600018,0.09066346,3.622413,0.006160356
05-Feb-2024 20:46:40,226.72475790977478,3.599981,0.09066207,3.622421,0.006161556
05-Feb-2024 20:46:41,227.0168707370758,3.599977,0.09066184,3.622397,0.006160456
05-Feb-2024 20:46:41,227.31949520111084,3.599949,0.09066477,3.6224,0.006164255
05-Feb-2024 20:46:41,227.6002914905548,3.59993,0.090665,3.622394,0.006161256
05-Feb-2024 20:46:42,227.90046286582947,3.599938,0.09066584,3.622416,0.006163255
05-Feb-2024 20:46:42,228.18003153800964,3.599906,0.09066577,3.622422,0.006165755
05-Feb-2024 20:46:42,228.4613950252533,3.599915,0.0906653,3.622477,0.006164555
05-Feb-2024 20:46:42,228.72635579109192,3.599919,0.09066699,3.622477,0.006168053
05-Feb-2024 20:46:43,229.00850558280945,3.599894,0.09066553,3.622483,0.006169853
05-Feb-2024 20:46:43,229.28847932815552,3.599917,0.09066607,3.622476,0.006166554
05-Feb-2024 20:46:43,229.5583689212799,3.59995,0.09066292,3.622473,0.006164355
05-Feb-2024 20:46:44,229.84172868728638,3.599936,0.09066468,3.622418,0.006164655
05-Feb-2024 20:46:44,230.13891696929932,3.599906,0.0906613,3.622412,0.006162955
05-Feb-2024 20:46:44,230.43252873420715,3.599855,0.09066153,3.622407,0.006162755
05-Feb-2024 20:46:44,230.72688388824463,3.599891,0.09066223,3.622412,0.006163455
05-Feb-2024 20:46:45,231.0275490283966,3.599981,0.09066269,3.622407,0.006166354
05-Feb-2024 20:46:45,231.31531047821045,3.600063,0.09066307,3.62242,0.006169653
05-Feb-2024 20:46:45,231.6078805923462,3.600023,0.09066184,3.622423,0.006167654
05-Feb-2024 20:46:46,231.8939664363861,3.599995,0.09065915,3.622438,0.006168753
05-Feb-2024 20:46:46,232.15563917160034,3.599952,0.09065669,3.622449,0.006170453
05-Feb-2024 20:46:46,232.4329309463501,3.599976,0.09065638,3.62247,0.006171653
05-Feb-2024 20:46:46,232.70278143882751,3.599947,0.09065592,3.622503,0.006170253
05-Feb-2024 20:46:47,232.98317646980286,3.599946,0.09065922,3.622511,0.006171353
05-Feb-2024 20:46:47,233.27361178398132,3.599898,0.09065931,3.622515,0.006169453
05-Feb-2024 20:46:47,233.56835675239563,3.599917,0.09066292,3.622514,0.006169653
05-Feb-2024 20:46:48,233.84886813163757,3.599926,0.09066153,3.622483,0.006166554
05-Feb-2024 20:46:48,234.13604593276978,3.599934,0.090662,3.622455,0.006168653
05-Feb-2024 20:46:48,234.4188735485077,3.599865,0.09066046,3.622426,0.006169353
05-Feb-2024 20:46:48,234.68227291107178,3.599852,0.09066276,3.622405,0.006174251
05-Feb-2024 20:46:49,234.9782474040985,3.599892,0.09065938,3.622421,0.00618045
05-Feb-2024 20:46:49,235.27641534805298,3.599893,0.09065446,3.622432,0.006181949
05-Feb-2024 20:46:49,235.5578236579895,3.599899,0.09065123,3.622432,0.00618055
05-Feb-2024 20:46:50,235.83585619926453,3.599939,0.09065,3.622454,0.006185748
05-Feb-2024 20:46:50,236.12956023216248,3.599925,0.09064854,3.622484,0.006182349
05-Feb-2024 20:46:50,236.41817212104797,3.599957,0.09065038,3.622446,0.006177851
05-Feb-2024 20:46:50,236.7088315486908,3.599922,0.09065153,3.622441,0.006177151
05-Feb-2024 20:46:51,236.97880363464355,3.599882,0.09065215,3.622429,0.006177851
05-Feb-2024 20:46:51,237.25425815582275,3.599899,0.09065007,3.622413,0.006173952
05-Feb-2024 20:46:51,237.54602122306824,3.599905,0.09065346,3.622394,0.006176151
05-Feb-2024 20:46:52,237.81979608535767,3.599921,0.09065161,3.622412,0.006172752
05-Feb-2024 20:46:52,238.10102128982544,3.599959,0.09065492,3.622434,0.006173052
05-Feb-2024 20:46:52,238.38082766532898,3.599982,0.09065546,3.622442,0.006175651
05-Feb-2024 20:46:52,238.64327812194824,3.600031,0.09065653,3.622437,0.006177351
05-Feb-2024 20:46:53,238.91165399551392,3.600023,0.09065707,3.622425,0.006174752
05-Feb-2024 20:46:53,239.18566298484802,3.600012,0.09065331,3.62243,0.006177651
05-Feb-2024 20:46:53,239.47620058059692,3.599991,0.09064946,3.62243,0.006177851
05-Feb-2024 20:46:53,239.745845079422,3.600015,0.090648,3.622429,0.006172452
05-Feb-2024 20:46:54,240.0286145210266,3.599976,0.09064646,3.622456,0.006166654
05-Feb-2024 20:46:54,240.29809069633484,3.599971,0.09064954,3.622449,0.006163855
05-Feb-2024 20:46:54,240.5835461616516,3.599981,0.09065415,3.622431,0.006162855
05-Feb-2024 20:46:55,240.86506128311157,3.599973,0.09065392,3.622431,0.006163055
05-Feb-2024 20:46:55,241.15919709205627,3.599953,0.09065415,3.622447,0.006166254
05-Feb-2024 20:46:55,241.45334815979004,3.599936,0.09065408,3.622447,0.006168953
05-Feb-2024 20:46:55,241.73333597183228,3.599908,0.09065454,3.622475,0.006168554
05-Feb-2024 20:46:56,242.02550625801086,3.599929,0.09065123,3.622505,0.006170153
05-Feb-2024 20:46:56,242.3104031085968,3.599939,0.09064969,3.622501,0.006165254
05-Feb-2024 20:46:56,242.611554145813,3.5999,0.09065346,3.622502,0.006163455
05-Feb-2024 20:46:57,242.88124895095825,3.599919,0.090655,3.622516,0.006164655
05-Feb-2024 20:46:57,243.14772295951843,3.59993,0.09065684,3.622516,0.006169553
05-Feb-2024 20:46:57,243.4283139705658,3.599928,0.09065915,3.622545,0.006171952
05-Feb-2024 20:46:57,243.68847393989563,3.599886,0.09066153,3.622563,0.006176551
05-Feb-2024 20:46:58,243.97286105155945,3.599854,0.09065776,3.622561,0.006177151
05-Feb-2024 20:46:58,244.26853799819946,3.599849,0.09065776,3.622562,0.00617905
05-Feb-2024 20:46:58,244.55506372451782,3.599928,0.09065623,3.622565,0.006177151
05-Feb-2024 20:46:59,244.85391855239868,3.599916,0.09065415,3.62253,0.006177251
05-Feb-2024 20:46:59,245.13646006584167,3.599932,0.09065161,3.622542,0.00617835
